Type,Iterations,Time,OptIterations,Discount,Epsilon,SCost,NegTerm,PosTerm,KeyLoss
value,70,0.006753,32,0.999999,1e-06,-0.04,-1,1,0.01
value,73,0.008342,32,0.999999,1e-06,-0.04,-1,1,0.02
value,74,0.006747,32,0.999999,1e-06,-0.04,-1,1,0.03
value,76,0.008289,32,0.999999,1e-06,-0.04,-1,1,0.04
value,77,0.008349,32,0.999999,1e-06,-0.04,-1,1,0.05
value,78,0.007799,31,0.999999,1e-06,-0.04,-1,1,0.06
value,79,0.007031,31,0.999999,1e-06,-0.04,-1,1,0.07
value,70,0.005986,31,0.999999,1e-06,-0.04,-1,1,0.08
value,71,0.006946,31,0.999999,1e-06,-0.04,-1,1,0.09
value,71,0.006022,31,0.999999,1e-06,-0.04,-1,1,0.1
value,72,0.006713,31,0.999999,1e-06,-0.04,-1,1,0.11
value,72,0.006044,31,0.999999,1e-06,-0.04,-1,1,0.12
value,73,0.006163,31,0.999999,1e-06,-0.04,-1,1,0.13
value,73,0.007838,31,0.999999,1e-06,-0.04,-1,1,0.14
value,74,0.006448,31,0.999999,1e-06,-0.04,-1,1,0.15
value,74,0.007756,31,0.999999,1e-06,-0.04,-1,1,0.16
value,74,0.006958,31,0.999999,1e-06,-0.04,-1,1,0.17
value,75,0.006563,31,0.999999,1e-06,-0.04,-1,1,0.18
value,75,0.006541,31,0.999999,1e-06,-0.04,-1,1,0.19
value,75,0.006812,31,0.999999,1e-06,-0.04,-1,1,0.2
value,76,0.00711,31,0.999999,1e-06,-0.04,-1,1,0.21
value,76,0.006638,31,0.999999,1e-06,-0.04,-1,1,0.22
value,76,0.006619,31,0.999999,1e-06,-0.04,-1,1,0.23
value,76,0.00685,31,0.999999,1e-06,-0.04,-1,1,0.24
value,77,0.006536,31,0.999999,1e-06,-0.04,-1,1,0.25
value,77,0.00962,31,0.999999,1e-06,-0.04,-1,1,0.26
value,77,0.00706,31,0.999999,1e-06,-0.04,-1,1,0.27
value,77,0.007719,31,0.999999,1e-06,-0.04,-1,1,0.28
value,77,0.00812,31,0.999999,1e-06,-0.04,-1,1,0.29
value,77,0.007613,31,0.999999,1e-06,-0.04,-1,1,0.3
value,77,0.006667,31,0.999999,1e-06,-0.04,-1,1,0.31
value,64,0.007582,31,0.999999,1e-06,-0.04,-1,1,0.32
value,64,0.005588,31,0.999999,1e-06,-0.04,-1,1,0.33
value,64,0.005494,31,0.999999,1e-06,-0.04,-1,1,0.34
value,64,0.005773,31,0.999999,1e-06,-0.04,-1,1,0.35
value,64,0.005571,31,0.999999,1e-06,-0.04,-1,1,0.36
value,64,0.005627,31,0.999999,1e-06,-0.04,-1,1,0.37
value,64,0.005587,31,0.999999,1e-06,-0.04,-1,1,0.38
value,64,0.005612,31,0.999999,1e-06,-0.04,-1,1,0.39
value,64,0.005607,31,0.999999,1e-06,-0.04,-1,1,0.4
value,64,0.005647,31,0.999999,1e-06,-0.04,-1,1,0.41
value,64,0.005598,31,0.999999,1e-06,-0.04,-1,1,0.42
value,64,0.005491,31,0.999999,1e-06,-0.04,-1,1,0.43
value,64,0.005558,31,0.999999,1e-06,-0.04,-1,1,0.44
value,64,0.005408,31,0.999999,1e-06,-0.04,-1,1,0.45
value,64,0.005414,31,0.999999,1e-06,-0.04,-1,1,0.46
value,64,0.005458,31,0.999999,1e-06,-0.04,-1,1,0.47
value,64,0.005403,31,0.999999,1e-06,-0.04,-1,1,0.48
value,64,0.005407,31,0.999999,1e-06,-0.04,-1,1,0.49
value,64,0.005403,31,0.999999,1e-06,-0.04,-1,1,0.5
value,64,0.005385,31,0.999999,1e-06,-0.04,-1,1,0.51
value,64,0.005551,31,0.999999,1e-06,-0.04,-1,1,0.52
value,65,0.005623,31,0.999999,1e-06,-0.04,-1,1,0.53
value,65,0.005512,31,0.999999,1e-06,-0.04,-1,1,0.54
value,65,0.005628,31,0.999999,1e-06,-0.04,-1,1,0.55
value,65,0.005621,31,0.999999,1e-06,-0.04,-1,1,0.56
value,65,0.005618,31,0.999999,1e-06,-0.04,-1,1,0.57
value,65,0.005635,31,0.999999,1e-06,-0.04,-1,1,0.58
value,65,0.005489,31,0.999999,1e-06,-0.04,-1,1,0.59
value,65,0.005544,31,0.999999,1e-06,-0.04,-1,1,0.6
value,65,0.005493,31,0.999999,1e-06,-0.04,-1,1,0.61
value,65,0.005462,31,0.999999,1e-06,-0.04,-1,1,0.62
value,65,0.005467,31,0.999999,1e-06,-0.04,-1,1,0.63
value,65,0.005519,31,0.999999,1e-06,-0.04,-1,1,0.64
value,65,0.005699,31,0.999999,1e-06,-0.04,-1,1,0.65
value,65,0.005681,31,0.999999,1e-06,-0.04,-1,1,0.66
value,65,0.005622,31,0.999999,1e-06,-0.04,-1,1,0.67
value,65,0.005553,31,0.999999,1e-06,-0.04,-1,1,0.68
value,65,0.00547,31,0.999999,1e-06,-0.04,-1,1,0.69
value,65,0.005628,31,0.999999,1e-06,-0.04,-1,1,0.7
value,65,0.005589,31,0.999999,1e-06,-0.04,-1,1,0.71
value,65,0.005536,31,0.999999,1e-06,-0.04,-1,1,0.72
value,65,0.00548,31,0.999999,1e-06,-0.04,-1,1,0.73
value,65,0.005445,31,0.999999,1e-06,-0.04,-1,1,0.74
value,65,0.005542,31,0.999999,1e-06,-0.04,-1,1,0.75
value,65,0.005625,31,0.999999,1e-06,-0.04,-1,1,0.76
value,65,0.005675,31,0.999999,1e-06,-0.04,-1,1,0.77
value,65,0.005587,31,0.999999,1e-06,-0.04,-1,1,0.78
value,65,0.00549,31,0.999999,1e-06,-0.04,-1,1,0.79
value,65,0.005492,31,0.999999,1e-06,-0.04,-1,1,0.8
value,65,0.005625,31,0.999999,1e-06,-0.04,-1,1,0.81
value,65,0.00552,31,0.999999,1e-06,-0.04,-1,1,0.82
value,65,0.005517,31,0.999999,1e-06,-0.04,-1,1,0.83
value,65,0.005503,31,0.999999,1e-06,-0.04,-1,1,0.84
value,65,0.005476,31,0.999999,1e-06,-0.04,-1,1,0.85
value,65,0.005674,31,0.999999,1e-06,-0.04,-1,1,0.86
value,65,0.005674,31,0.999999,1e-06,-0.04,-1,1,0.87
value,65,0.005688,31,0.999999,1e-06,-0.04,-1,1,0.88
value,65,0.005695,31,0.999999,1e-06,-0.04,-1,1,0.89
value,65,0.005684,31,0.999999,1e-06,-0.04,-1,1,0.9
value,65,0.005708,31,0.999999,1e-06,-0.04,-1,1,0.91
value,65,0.005741,31,0.999999,1e-06,-0.04,-1,1,0.92
value,65,0.005734,31,0.999999,1e-06,-0.04,-1,1,0.93
value,65,0.005718,31,0.999999,1e-06,-0.04,-1,1,0.94
value,65,0.005672,31,0.999999,1e-06,-0.04,-1,1,0.95
value,65,0.005682,31,0.999999,1e-06,-0.04,-1,1,0.96
value,65,0.005679,31,0.999999,1e-06,-0.04,-1,1,0.97
value,65,0.005668,31,0.999999,1e-06,-0.04,-1,1,0.98
value,65,0.005714,31,0.999999,1e-06,-0.04,-1,1,0.99
value,70,0.005873,32,0.999999,1e-06,-0.04,-1,1,0.01
value,73,0.006222,32,0.999999,1e-06,-0.04,-1,1,0.02
value,74,0.006291,32,0.999999,1e-06,-0.04,-1,1,0.03
value,76,0.006431,32,0.999999,1e-06,-0.04,-1,1,0.04
value,77,0.006719,32,0.999999,1e-06,-0.04,-1,1,0.05
value,78,0.006584,31,0.999999,1e-06,-0.04,-1,1,0.06
value,79,0.006648,31,0.999999,1e-06,-0.04,-1,1,0.07
value,70,0.006003,31,0.999999,1e-06,-0.04,-1,1,0.08
value,71,0.006451,31,0.999999,1e-06,-0.04,-1,1,0.09
value,71,0.005967,31,0.999999,1e-06,-0.04,-1,1,0.1
value,72,0.006031,31,0.999999,1e-06,-0.04,-1,1,0.11
value,72,0.006035,31,0.999999,1e-06,-0.04,-1,1,0.12
value,73,0.006131,31,0.999999,1e-06,-0.04,-1,1,0.13
value,73,0.00615,31,0.999999,1e-06,-0.04,-1,1,0.14
value,74,0.006199,31,0.999999,1e-06,-0.04,-1,1,0.15
value,74,0.00626,31,0.999999,1e-06,-0.04,-1,1,0.16
value,74,0.00624,31,0.999999,1e-06,-0.04,-1,1,0.17
value,75,0.006311,31,0.999999,1e-06,-0.04,-1,1,0.18
value,75,0.00631,31,0.999999,1e-06,-0.04,-1,1,0.19
value,75,0.006373,31,0.999999,1e-06,-0.04,-1,1,0.2
value,76,0.006411,31,0.999999,1e-06,-0.04,-1,1,0.21
value,76,0.006369,31,0.999999,1e-06,-0.04,-1,1,0.22
value,76,0.006371,31,0.999999,1e-06,-0.04,-1,1,0.23
value,76,0.006394,31,0.999999,1e-06,-0.04,-1,1,0.24
value,77,0.00651,31,0.999999,1e-06,-0.04,-1,1,0.25
value,77,0.006478,31,0.999999,1e-06,-0.04,-1,1,0.26
value,77,0.006502,31,0.999999,1e-06,-0.04,-1,1,0.27
value,77,0.006455,31,0.999999,1e-06,-0.04,-1,1,0.28
value,77,0.006475,31,0.999999,1e-06,-0.04,-1,1,0.29
value,77,0.006454,31,0.999999,1e-06,-0.04,-1,1,0.3
value,77,0.006496,31,0.999999,1e-06,-0.04,-1,1,0.31
value,64,0.005365,31,0.999999,1e-06,-0.04,-1,1,0.32
value,64,0.005437,31,0.999999,1e-06,-0.04,-1,1,0.33
value,64,0.005382,31,0.999999,1e-06,-0.04,-1,1,0.34
value,64,0.005365,31,0.999999,1e-06,-0.04,-1,1,0.35
value,64,0.005408,31,0.999999,1e-06,-0.04,-1,1,0.36
value,64,0.005365,31,0.999999,1e-06,-0.04,-1,1,0.37
value,64,0.005387,31,0.999999,1e-06,-0.04,-1,1,0.38
value,64,0.005437,31,0.999999,1e-06,-0.04,-1,1,0.39
value,64,0.005366,31,0.999999,1e-06,-0.04,-1,1,0.4
value,64,0.005413,31,0.999999,1e-06,-0.04,-1,1,0.41
value,64,0.005378,31,0.999999,1e-06,-0.04,-1,1,0.42
value,64,0.005366,31,0.999999,1e-06,-0.04,-1,1,0.43
value,64,0.005367,31,0.999999,1e-06,-0.04,-1,1,0.44
value,64,0.005365,31,0.999999,1e-06,-0.04,-1,1,0.45
value,64,0.005366,31,0.999999,1e-06,-0.04,-1,1,0.46
value,64,0.005387,31,0.999999,1e-06,-0.04,-1,1,0.47
value,64,0.005366,31,0.999999,1e-06,-0.04,-1,1,0.48
value,64,0.005433,31,0.999999,1e-06,-0.04,-1,1,0.49
value,64,0.005387,31,0.999999,1e-06,-0.04,-1,1,0.5
value,64,0.005366,31,0.999999,1e-06,-0.04,-1,1,0.51
value,64,0.005386,31,0.999999,1e-06,-0.04,-1,1,0.52
value,65,0.005454,31,0.999999,1e-06,-0.04,-1,1,0.53
value,65,0.005489,31,0.999999,1e-06,-0.04,-1,1,0.54
value,65,0.005451,31,0.999999,1e-06,-0.04,-1,1,0.55
value,65,0.00547,31,0.999999,1e-06,-0.04,-1,1,0.56
value,65,0.005479,31,0.999999,1e-06,-0.04,-1,1,0.57
value,65,0.005509,31,0.999999,1e-06,-0.04,-1,1,0.58
value,65,0.00551,31,0.999999,1e-06,-0.04,-1,1,0.59
value,65,0.005449,31,0.999999,1e-06,-0.04,-1,1,0.6
value,65,0.005477,31,0.999999,1e-06,-0.04,-1,1,0.61
value,65,0.005489,31,0.999999,1e-06,-0.04,-1,1,0.62
value,65,0.005444,31,0.999999,1e-06,-0.04,-1,1,0.63
value,65,0.005492,31,0.999999,1e-06,-0.04,-1,1,0.64
value,65,0.005482,31,0.999999,1e-06,-0.04,-1,1,0.65
value,65,0.005445,31,0.999999,1e-06,-0.04,-1,1,0.66
value,65,0.005442,31,0.999999,1e-06,-0.04,-1,1,0.67
value,65,0.005485,31,0.999999,1e-06,-0.04,-1,1,0.68
value,65,0.005444,31,0.999999,1e-06,-0.04,-1,1,0.69
value,65,0.005497,31,0.999999,1e-06,-0.04,-1,1,0.7
value,65,0.005444,31,0.999999,1e-06,-0.04,-1,1,0.71
value,65,0.005531,31,0.999999,1e-06,-0.04,-1,1,0.72
value,65,0.005463,31,0.999999,1e-06,-0.04,-1,1,0.73
value,65,0.005483,31,0.999999,1e-06,-0.04,-1,1,0.74
value,65,0.005443,31,0.999999,1e-06,-0.04,-1,1,0.75
value,65,0.005444,31,0.999999,1e-06,-0.04,-1,1,0.76
value,65,0.005466,31,0.999999,1e-06,-0.04,-1,1,0.77
value,65,0.00547,31,0.999999,1e-06,-0.04,-1,1,0.78
value,65,0.005586,31,0.999999,1e-06,-0.04,-1,1,0.79
value,65,0.005453,31,0.999999,1e-06,-0.04,-1,1,0.8
value,65,0.005444,31,0.999999,1e-06,-0.04,-1,1,0.81
value,65,0.005446,31,0.999999,1e-06,-0.04,-1,1,0.82
value,65,0.005463,31,0.999999,1e-06,-0.04,-1,1,0.83
value,65,0.005444,31,0.999999,1e-06,-0.04,-1,1,0.84
value,65,0.005442,31,0.999999,1e-06,-0.04,-1,1,0.85
value,65,0.005464,31,0.999999,1e-06,-0.04,-1,1,0.86
value,65,0.005498,31,0.999999,1e-06,-0.04,-1,1,0.87
value,65,0.005463,31,0.999999,1e-06,-0.04,-1,1,0.88
value,65,0.005488,31,0.999999,1e-06,-0.04,-1,1,0.89
value,65,0.005481,31,0.999999,1e-06,-0.04,-1,1,0.9
value,65,0.005478,31,0.999999,1e-06,-0.04,-1,1,0.91
value,65,0.005444,31,0.999999,1e-06,-0.04,-1,1,0.92
value,65,0.005463,31,0.999999,1e-06,-0.04,-1,1,0.93
value,65,0.005443,31,0.999999,1e-06,-0.04,-1,1,0.94
value,65,0.005513,31,0.999999,1e-06,-0.04,-1,1,0.95
value,65,0.005449,31,0.999999,1e-06,-0.04,-1,1,0.96
value,65,0.005471,31,0.999999,1e-06,-0.04,-1,1,0.97
value,65,0.005442,31,0.999999,1e-06,-0.04,-1,1,0.98
value,65,0.005449,31,0.999999,1e-06,-0.04,-1,1,0.99
value,70,0.00594,32,0.999999,1e-06,-0.04,-1,1,0.01
value,73,0.006287,32,0.999999,1e-06,-0.04,-1,1,0.02
value,74,0.006443,32,0.999999,1e-06,-0.04,-1,1,0.03
value,76,0.006626,32,0.999999,1e-06,-0.04,-1,1,0.04
value,77,0.006735,32,0.999999,1e-06,-0.04,-1,1,0.05
value,78,0.006789,31,0.999999,1e-06,-0.04,-1,1,0.06
value,79,0.006861,31,0.999999,1e-06,-0.04,-1,1,0.07
value,70,0.006012,31,0.999999,1e-06,-0.04,-1,1,0.08
value,71,0.006123,31,0.999999,1e-06,-0.04,-1,1,0.09
value,71,0.006133,31,0.999999,1e-06,-0.04,-1,1,0.1
value,72,0.006267,31,0.999999,1e-06,-0.04,-1,1,0.11
value,72,0.006218,31,0.999999,1e-06,-0.04,-1,1,0.12
value,73,0.006162,31,0.999999,1e-06,-0.04,-1,1,0.13
value,73,0.006239,31,0.999999,1e-06,-0.04,-1,1,0.14
value,74,0.006323,31,0.999999,1e-06,-0.04,-1,1,0.15
value,74,0.006299,31,0.999999,1e-06,-0.04,-1,1,0.16
value,74,0.006302,31,0.999999,1e-06,-0.04,-1,1,0.17
value,75,0.006387,31,0.999999,1e-06,-0.04,-1,1,0.18
value,75,0.00646,31,0.999999,1e-06,-0.04,-1,1,0.19
value,75,0.006382,31,0.999999,1e-06,-0.04,-1,1,0.2
value,76,0.00647,31,0.999999,1e-06,-0.04,-1,1,0.21
value,76,0.006471,31,0.999999,1e-06,-0.04,-1,1,0.22
value,76,0.006626,31,0.999999,1e-06,-0.04,-1,1,0.23
value,76,0.006663,31,0.999999,1e-06,-0.04,-1,1,0.24
value,77,0.006737,31,0.999999,1e-06,-0.04,-1,1,0.25
value,77,0.006562,31,0.999999,1e-06,-0.04,-1,1,0.26
value,77,0.006591,31,0.999999,1e-06,-0.04,-1,1,0.27
value,77,0.006555,31,0.999999,1e-06,-0.04,-1,1,0.28
value,77,0.006533,31,0.999999,1e-06,-0.04,-1,1,0.29
value,77,0.006554,31,0.999999,1e-06,-0.04,-1,1,0.3
value,77,0.006541,31,0.999999,1e-06,-0.04,-1,1,0.31
value,64,0.005615,31,0.999999,1e-06,-0.04,-1,1,0.32
value,64,0.005524,31,0.999999,1e-06,-0.04,-1,1,0.33
value,64,0.005484,31,0.999999,1e-06,-0.04,-1,1,0.34
value,64,0.005528,31,0.999999,1e-06,-0.04,-1,1,0.35
value,64,0.005419,31,0.999999,1e-06,-0.04,-1,1,0.36
value,64,0.005527,31,0.999999,1e-06,-0.04,-1,1,0.37
value,64,0.005443,31,0.999999,1e-06,-0.04,-1,1,0.38
value,64,0.005431,31,0.999999,1e-06,-0.04,-1,1,0.39
value,64,0.0055,31,0.999999,1e-06,-0.04,-1,1,0.4
value,64,0.00546,31,0.999999,1e-06,-0.04,-1,1,0.41
value,64,0.005464,31,0.999999,1e-06,-0.04,-1,1,0.42
value,64,0.005442,31,0.999999,1e-06,-0.04,-1,1,0.43
value,64,0.005466,31,0.999999,1e-06,-0.04,-1,1,0.44
value,64,0.005541,31,0.999999,1e-06,-0.04,-1,1,0.45
value,64,0.005587,31,0.999999,1e-06,-0.04,-1,1,0.46
value,64,0.005593,31,0.999999,1e-06,-0.04,-1,1,0.47
value,64,0.005539,31,0.999999,1e-06,-0.04,-1,1,0.48
value,64,0.005466,31,0.999999,1e-06,-0.04,-1,1,0.49
value,64,0.005461,31,0.999999,1e-06,-0.04,-1,1,0.5
value,64,0.005462,31,0.999999,1e-06,-0.04,-1,1,0.51
value,64,0.00548,31,0.999999,1e-06,-0.04,-1,1,0.52
value,65,0.00552,31,0.999999,1e-06,-0.04,-1,1,0.53
value,65,0.005572,31,0.999999,1e-06,-0.04,-1,1,0.54
value,65,0.005536,31,0.999999,1e-06,-0.04,-1,1,0.55
value,65,0.005696,31,0.999999,1e-06,-0.04,-1,1,0.56
value,65,0.005627,31,0.999999,1e-06,-0.04,-1,1,0.57
value,65,0.005507,31,0.999999,1e-06,-0.04,-1,1,0.58
value,65,0.005557,31,0.999999,1e-06,-0.04,-1,1,0.59
value,65,0.005509,31,0.999999,1e-06,-0.04,-1,1,0.6
value,65,0.005524,31,0.999999,1e-06,-0.04,-1,1,0.61
value,65,0.005575,31,0.999999,1e-06,-0.04,-1,1,0.62
value,65,0.005487,31,0.999999,1e-06,-0.04,-1,1,0.63
value,65,0.005586,31,0.999999,1e-06,-0.04,-1,1,0.64
value,65,0.005528,31,0.999999,1e-06,-0.04,-1,1,0.65
value,65,0.005587,31,0.999999,1e-06,-0.04,-1,1,0.66
value,65,0.005514,31,0.999999,1e-06,-0.04,-1,1,0.67
value,65,0.00553,31,0.999999,1e-06,-0.04,-1,1,0.68
value,65,0.005573,31,0.999999,1e-06,-0.04,-1,1,0.69
value,65,0.005612,31,0.999999,1e-06,-0.04,-1,1,0.7
value,65,0.005662,31,0.999999,1e-06,-0.04,-1,1,0.71
value,65,0.005672,31,0.999999,1e-06,-0.04,-1,1,0.72
value,65,0.005663,31,0.999999,1e-06,-0.04,-1,1,0.73
value,65,0.005551,31,0.999999,1e-06,-0.04,-1,1,0.74
value,65,0.005553,31,0.999999,1e-06,-0.04,-1,1,0.75
value,65,0.005542,31,0.999999,1e-06,-0.04,-1,1,0.76
value,65,0.005573,31,0.999999,1e-06,-0.04,-1,1,0.77
value,65,0.005628,31,0.999999,1e-06,-0.04,-1,1,0.78
value,65,0.005562,31,0.999999,1e-06,-0.04,-1,1,0.79
value,65,0.005823,31,0.999999,1e-06,-0.04,-1,1,0.8
value,65,0.005656,31,0.999999,1e-06,-0.04,-1,1,0.81
value,65,0.006037,31,0.999999,1e-06,-0.04,-1,1,0.82
value,65,0.005766,31,0.999999,1e-06,-0.04,-1,1,0.83
value,65,0.005595,31,0.999999,1e-06,-0.04,-1,1,0.84
value,65,0.005503,31,0.999999,1e-06,-0.04,-1,1,0.85
value,65,0.005571,31,0.999999,1e-06,-0.04,-1,1,0.86
value,65,0.005531,31,0.999999,1e-06,-0.04,-1,1,0.87
value,65,0.005606,31,0.999999,1e-06,-0.04,-1,1,0.88
value,65,0.005601,31,0.999999,1e-06,-0.04,-1,1,0.89
value,65,0.005812,31,0.999999,1e-06,-0.04,-1,1,0.9
value,65,0.005614,31,0.999999,1e-06,-0.04,-1,1,0.91
value,65,0.005612,31,0.999999,1e-06,-0.04,-1,1,0.92
value,65,0.005623,31,0.999999,1e-06,-0.04,-1,1,0.93
value,65,0.005617,31,0.999999,1e-06,-0.04,-1,1,0.94
value,65,0.005619,31,0.999999,1e-06,-0.04,-1,1,0.95
value,65,0.005621,31,0.999999,1e-06,-0.04,-1,1,0.96
value,65,0.005619,31,0.999999,1e-06,-0.04,-1,1,0.97
value,65,0.005707,31,0.999999,1e-06,-0.04,-1,1,0.98
value,65,0.005657,31,0.999999,1e-06,-0.04,-1,1,0.99
value,70,0.005897,32,0.999999,1e-06,-0.04,-1,1,0.01
value,73,0.006189,32,0.999999,1e-06,-0.04,-1,1,0.02
value,74,0.00629,32,0.999999,1e-06,-0.04,-1,1,0.03
value,76,0.006396,32,0.999999,1e-06,-0.04,-1,1,0.04
value,77,0.006726,32,0.999999,1e-06,-0.04,-1,1,0.05
value,78,0.006654,31,0.999999,1e-06,-0.04,-1,1,0.06
value,79,0.006664,31,0.999999,1e-06,-0.04,-1,1,0.07
value,70,0.005908,31,0.999999,1e-06,-0.04,-1,1,0.08
value,71,0.005999,31,0.999999,1e-06,-0.04,-1,1,0.09
value,71,0.005952,31,0.999999,1e-06,-0.04,-1,1,0.1
value,72,0.006038,31,0.999999,1e-06,-0.04,-1,1,0.11
value,72,0.006037,31,0.999999,1e-06,-0.04,-1,1,0.12
value,73,0.006166,31,0.999999,1e-06,-0.04,-1,1,0.13
value,73,0.006141,31,0.999999,1e-06,-0.04,-1,1,0.14
value,74,0.006219,31,0.999999,1e-06,-0.04,-1,1,0.15
value,74,0.006218,31,0.999999,1e-06,-0.04,-1,1,0.16
value,74,0.00622,31,0.999999,1e-06,-0.04,-1,1,0.17
value,75,0.006332,31,0.999999,1e-06,-0.04,-1,1,0.18
value,75,0.006289,31,0.999999,1e-06,-0.04,-1,1,0.19
value,75,0.006337,31,0.999999,1e-06,-0.04,-1,1,0.2
value,76,0.006392,31,0.999999,1e-06,-0.04,-1,1,0.21
value,76,0.006383,31,0.999999,1e-06,-0.04,-1,1,0.22
value,76,0.006433,31,0.999999,1e-06,-0.04,-1,1,0.23
value,76,0.006412,31,0.999999,1e-06,-0.04,-1,1,0.24
value,77,0.006527,31,0.999999,1e-06,-0.04,-1,1,0.25
value,77,0.006517,31,0.999999,1e-06,-0.04,-1,1,0.26
value,77,0.006457,31,0.999999,1e-06,-0.04,-1,1,0.27
value,77,0.006457,31,0.999999,1e-06,-0.04,-1,1,0.28
value,77,0.006475,31,0.999999,1e-06,-0.04,-1,1,0.29
value,77,0.006457,31,0.999999,1e-06,-0.04,-1,1,0.3
value,77,0.006456,31,0.999999,1e-06,-0.04,-1,1,0.31
value,64,0.005381,31,0.999999,1e-06,-0.04,-1,1,0.32
value,64,0.00545,31,0.999999,1e-06,-0.04,-1,1,0.33
value,64,0.005362,31,0.999999,1e-06,-0.04,-1,1,0.34
value,64,0.005367,31,0.999999,1e-06,-0.04,-1,1,0.35
value,64,0.005362,31,0.999999,1e-06,-0.04,-1,1,0.36
value,64,0.005383,31,0.999999,1e-06,-0.04,-1,1,0.37
value,64,0.005383,31,0.999999,1e-06,-0.04,-1,1,0.38
value,64,0.005362,31,0.999999,1e-06,-0.04,-1,1,0.39
value,64,0.005403,31,0.999999,1e-06,-0.04,-1,1,0.4
value,64,0.005408,31,0.999999,1e-06,-0.04,-1,1,0.41
value,64,0.005401,31,0.999999,1e-06,-0.04,-1,1,0.42
value,64,0.005361,31,0.999999,1e-06,-0.04,-1,1,0.43
value,64,0.005361,31,0.999999,1e-06,-0.04,-1,1,0.44
value,64,0.005362,31,0.999999,1e-06,-0.04,-1,1,0.45
value,64,0.005381,31,0.999999,1e-06,-0.04,-1,1,0.46
value,64,0.005361,31,0.999999,1e-06,-0.04,-1,1,0.47
value,64,0.005459,31,0.999999,1e-06,-0.04,-1,1,0.48
value,64,0.005377,31,0.999999,1e-06,-0.04,-1,1,0.49
value,64,0.005401,31,0.999999,1e-06,-0.04,-1,1,0.5
value,64,0.005453,31,0.999999,1e-06,-0.04,-1,1,0.51
value,64,0.005361,31,0.999999,1e-06,-0.04,-1,1,0.52
value,65,0.005445,31,0.999999,1e-06,-0.04,-1,1,0.53
value,65,0.005464,31,0.999999,1e-06,-0.04,-1,1,0.54
value,65,0.005443,31,0.999999,1e-06,-0.04,-1,1,0.55
value,65,0.005516,31,0.999999,1e-06,-0.04,-1,1,0.56
value,65,0.005443,31,0.999999,1e-06,-0.04,-1,1,0.57
value,65,0.005482,31,0.999999,1e-06,-0.04,-1,1,0.58
value,65,0.005486,31,0.999999,1e-06,-0.04,-1,1,0.59
value,65,0.005473,31,0.999999,1e-06,-0.04,-1,1,0.6
value,65,0.005446,31,0.999999,1e-06,-0.04,-1,1,0.61
value,65,0.005465,31,0.999999,1e-06,-0.04,-1,1,0.62
value,65,0.005485,31,0.999999,1e-06,-0.04,-1,1,0.63
value,65,0.005472,31,0.999999,1e-06,-0.04,-1,1,0.64
value,65,0.005469,31,0.999999,1e-06,-0.04,-1,1,0.65
value,65,0.00547,31,0.999999,1e-06,-0.04,-1,1,0.66
value,65,0.00545,31,0.999999,1e-06,-0.04,-1,1,0.67
value,65,0.005468,31,0.999999,1e-06,-0.04,-1,1,0.68
value,65,0.005492,31,0.999999,1e-06,-0.04,-1,1,0.69
value,65,0.005449,31,0.999999,1e-06,-0.04,-1,1,0.7
value,65,0.005537,31,0.999999,1e-06,-0.04,-1,1,0.71
value,65,0.00545,31,0.999999,1e-06,-0.04,-1,1,0.72
value,65,0.005449,31,0.999999,1e-06,-0.04,-1,1,0.73
value,65,0.005468,31,0.999999,1e-06,-0.04,-1,1,0.74
value,65,0.005469,31,0.999999,1e-06,-0.04,-1,1,0.75
value,65,0.005487,31,0.999999,1e-06,-0.04,-1,1,0.76
value,65,0.005469,31,0.999999,1e-06,-0.04,-1,1,0.77
value,65,0.005469,31,0.999999,1e-06,-0.04,-1,1,0.78
value,65,0.005475,31,0.999999,1e-06,-0.04,-1,1,0.79
value,65,0.005449,31,0.999999,1e-06,-0.04,-1,1,0.8
value,65,0.005447,31,0.999999,1e-06,-0.04,-1,1,0.81
value,65,0.005447,31,0.999999,1e-06,-0.04,-1,1,0.82
value,65,0.005469,31,0.999999,1e-06,-0.04,-1,1,0.83
value,65,0.005469,31,0.999999,1e-06,-0.04,-1,1,0.84
value,65,0.005449,31,0.999999,1e-06,-0.04,-1,1,0.85
value,65,0.005467,31,0.999999,1e-06,-0.04,-1,1,0.86
value,65,0.005516,31,0.999999,1e-06,-0.04,-1,1,0.87
value,65,0.005451,31,0.999999,1e-06,-0.04,-1,1,0.88
value,65,0.005451,31,0.999999,1e-06,-0.04,-1,1,0.89
value,65,0.005451,31,0.999999,1e-06,-0.04,-1,1,0.9
value,65,0.005451,31,0.999999,1e-06,-0.04,-1,1,0.91
value,65,0.005471,31,0.999999,1e-06,-0.04,-1,1,0.92
value,65,0.005453,31,0.999999,1e-06,-0.04,-1,1,0.93
value,65,0.005496,31,0.999999,1e-06,-0.04,-1,1,0.94
value,65,0.00549,31,0.999999,1e-06,-0.04,-1,1,0.95
value,65,0.005645,31,0.999999,1e-06,-0.04,-1,1,0.96
value,65,0.005514,31,0.999999,1e-06,-0.04,-1,1,0.97
value,65,0.005446,31,0.999999,1e-06,-0.04,-1,1,0.98
value,65,0.005444,31,0.999999,1e-06,-0.04,-1,1,0.99
value,70,0.005877,32,0.999999,1e-06,-0.04,-1,1,0.01
value,73,0.00622,32,0.999999,1e-06,-0.04,-1,1,0.02
value,74,0.006464,32,0.999999,1e-06,-0.04,-1,1,0.03
value,76,0.006585,32,0.999999,1e-06,-0.04,-1,1,0.04
value,77,0.006722,32,0.999999,1e-06,-0.04,-1,1,0.05
value,78,0.006611,31,0.999999,1e-06,-0.04,-1,1,0.06
value,79,0.006645,31,0.999999,1e-06,-0.04,-1,1,0.07
value,70,0.005868,31,0.999999,1e-06,-0.04,-1,1,0.08
value,71,0.005974,31,0.999999,1e-06,-0.04,-1,1,0.09
value,71,0.005952,31,0.999999,1e-06,-0.04,-1,1,0.1
value,72,0.006057,31,0.999999,1e-06,-0.04,-1,1,0.11
value,72,0.006062,31,0.999999,1e-06,-0.04,-1,1,0.12
value,73,0.006141,31,0.999999,1e-06,-0.04,-1,1,0.13
value,73,0.006139,31,0.999999,1e-06,-0.04,-1,1,0.14
value,74,0.006219,31,0.999999,1e-06,-0.04,-1,1,0.15
value,74,0.006196,31,0.999999,1e-06,-0.04,-1,1,0.16
value,74,0.006199,31,0.999999,1e-06,-0.04,-1,1,0.17
value,75,0.006325,31,0.999999,1e-06,-0.04,-1,1,0.18
value,75,0.006318,31,0.999999,1e-06,-0.04,-1,1,0.19
value,75,0.006288,31,0.999999,1e-06,-0.04,-1,1,0.2
value,76,0.00641,31,0.999999,1e-06,-0.04,-1,1,0.21
value,76,0.006392,31,0.999999,1e-06,-0.04,-1,1,0.22
value,76,0.006411,31,0.999999,1e-06,-0.04,-1,1,0.23
value,76,0.00637,31,0.999999,1e-06,-0.04,-1,1,0.24
value,77,0.006549,31,0.999999,1e-06,-0.04,-1,1,0.25
value,77,0.006459,31,0.999999,1e-06,-0.04,-1,1,0.26
value,77,0.006478,31,0.999999,1e-06,-0.04,-1,1,0.27
value,77,0.006476,31,0.999999,1e-06,-0.04,-1,1,0.28
value,77,0.006453,31,0.999999,1e-06,-0.04,-1,1,0.29
value,77,0.006476,31,0.999999,1e-06,-0.04,-1,1,0.3
value,77,0.006524,31,0.999999,1e-06,-0.04,-1,1,0.31
value,64,0.005361,31,0.999999,1e-06,-0.04,-1,1,0.32
value,64,0.00536,31,0.999999,1e-06,-0.04,-1,1,0.33
value,64,0.005363,31,0.999999,1e-06,-0.04,-1,1,0.34
value,64,0.005385,31,0.999999,1e-06,-0.04,-1,1,0.35
value,64,0.005369,31,0.999999,1e-06,-0.04,-1,1,0.36
value,64,0.005388,31,0.999999,1e-06,-0.04,-1,1,0.37
value,64,0.005374,31,0.999999,1e-06,-0.04,-1,1,0.38
value,64,0.005433,31,0.999999,1e-06,-0.04,-1,1,0.39
value,64,0.005393,31,0.999999,1e-06,-0.04,-1,1,0.4
value,64,0.005361,31,0.999999,1e-06,-0.04,-1,1,0.41
value,64,0.005361,31,0.999999,1e-06,-0.04,-1,1,0.42
value,64,0.005397,31,0.999999,1e-06,-0.04,-1,1,0.43
value,64,0.005402,31,0.999999,1e-06,-0.04,-1,1,0.44
value,64,0.005362,31,0.999999,1e-06,-0.04,-1,1,0.45
value,64,0.00536,31,0.999999,1e-06,-0.04,-1,1,0.46
value,64,0.00541,31,0.999999,1e-06,-0.04,-1,1,0.47
value,64,0.005402,31,0.999999,1e-06,-0.04,-1,1,0.48
value,64,0.005381,31,0.999999,1e-06,-0.04,-1,1,0.49
value,64,0.00536,31,0.999999,1e-06,-0.04,-1,1,0.5
value,64,0.005402,31,0.999999,1e-06,-0.04,-1,1,0.51
value,64,0.005361,31,0.999999,1e-06,-0.04,-1,1,0.52
value,65,0.005452,31,0.999999,1e-06,-0.04,-1,1,0.53
value,65,0.005472,31,0.999999,1e-06,-0.04,-1,1,0.54
value,65,0.005488,31,0.999999,1e-06,-0.04,-1,1,0.55
value,65,0.005488,31,0.999999,1e-06,-0.04,-1,1,0.56
value,65,0.005469,31,0.999999,1e-06,-0.04,-1,1,0.57
value,65,0.005482,31,0.999999,1e-06,-0.04,-1,1,0.58
value,65,0.005464,31,0.999999,1e-06,-0.04,-1,1,0.59
value,65,0.005442,31,0.999999,1e-06,-0.04,-1,1,0.6
value,65,0.005464,31,0.999999,1e-06,-0.04,-1,1,0.61
value,65,0.005493,31,0.999999,1e-06,-0.04,-1,1,0.62
value,65,0.005443,31,0.999999,1e-06,-0.04,-1,1,0.63
value,65,0.005445,31,0.999999,1e-06,-0.04,-1,1,0.64
value,65,0.005442,31,0.999999,1e-06,-0.04,-1,1,0.65
value,65,0.005463,31,0.999999,1e-06,-0.04,-1,1,0.66
value,65,0.005464,31,0.999999,1e-06,-0.04,-1,1,0.67
value,65,0.005442,31,0.999999,1e-06,-0.04,-1,1,0.68
value,65,0.005492,31,0.999999,1e-06,-0.04,-1,1,0.69
value,65,0.005493,31,0.999999,1e-06,-0.04,-1,1,0.7
value,65,0.005443,31,0.999999,1e-06,-0.04,-1,1,0.71
value,65,0.005463,31,0.999999,1e-06,-0.04,-1,1,0.72
value,65,0.005491,31,0.999999,1e-06,-0.04,-1,1,0.73
value,65,0.005485,31,0.999999,1e-06,-0.04,-1,1,0.74
value,65,0.005506,31,0.999999,1e-06,-0.04,-1,1,0.75
value,65,0.00547,31,0.999999,1e-06,-0.04,-1,1,0.76
value,65,0.00549,31,0.999999,1e-06,-0.04,-1,1,0.77
value,65,0.00546,31,0.999999,1e-06,-0.04,-1,1,0.78
value,65,0.005449,31,0.999999,1e-06,-0.04,-1,1,0.79
value,65,0.005452,31,0.999999,1e-06,-0.04,-1,1,0.8
value,65,0.00547,31,0.999999,1e-06,-0.04,-1,1,0.81
value,65,0.005458,31,0.999999,1e-06,-0.04,-1,1,0.82
value,65,0.005488,31,0.999999,1e-06,-0.04,-1,1,0.83
value,65,0.005447,31,0.999999,1e-06,-0.04,-1,1,0.84
value,65,0.005537,31,0.999999,1e-06,-0.04,-1,1,0.85
value,65,0.005448,31,0.999999,1e-06,-0.04,-1,1,0.86
value,65,0.005447,31,0.999999,1e-06,-0.04,-1,1,0.87
value,65,0.005465,31,0.999999,1e-06,-0.04,-1,1,0.88
value,65,0.00549,31,0.999999,1e-06,-0.04,-1,1,0.89
value,65,0.005487,31,0.999999,1e-06,-0.04,-1,1,0.9
value,65,0.005468,31,0.999999,1e-06,-0.04,-1,1,0.91
value,65,0.005484,31,0.999999,1e-06,-0.04,-1,1,0.92
value,65,0.005477,31,0.999999,1e-06,-0.04,-1,1,0.93
value,65,0.005487,31,0.999999,1e-06,-0.04,-1,1,0.94
value,65,0.005449,31,0.999999,1e-06,-0.04,-1,1,0.95
value,65,0.005449,31,0.999999,1e-06,-0.04,-1,1,0.96
value,65,0.005449,31,0.999999,1e-06,-0.04,-1,1,0.97
value,65,0.005448,31,0.999999,1e-06,-0.04,-1,1,0.98
value,65,0.005469,31,0.999999,1e-06,-0.04,-1,1,0.99
value,70,0.007105,32,0.999999,1e-06,-0.04,-1,1,0.01
value,73,0.00638,32,0.999999,1e-06,-0.04,-1,1,0.02
value,74,0.007065,32,0.999999,1e-06,-0.04,-1,1,0.03
value,76,0.006596,32,0.999999,1e-06,-0.04,-1,1,0.04
value,77,0.006669,32,0.999999,1e-06,-0.04,-1,1,0.05
value,78,0.00743,31,0.999999,1e-06,-0.04,-1,1,0.06
value,79,0.006701,31,0.999999,1e-06,-0.04,-1,1,0.07
value,70,0.00648,31,0.999999,1e-06,-0.04,-1,1,0.08
value,71,0.006158,31,0.999999,1e-06,-0.04,-1,1,0.09
value,71,0.006066,31,0.999999,1e-06,-0.04,-1,1,0.1
value,72,0.006812,31,0.999999,1e-06,-0.04,-1,1,0.11
value,72,0.006221,31,0.999999,1e-06,-0.04,-1,1,0.12
value,73,0.006812,31,0.999999,1e-06,-0.04,-1,1,0.13
value,73,0.006152,31,0.999999,1e-06,-0.04,-1,1,0.14
value,74,0.006388,31,0.999999,1e-06,-0.04,-1,1,0.15
value,74,0.008133,31,0.999999,1e-06,-0.04,-1,1,0.16
value,74,0.006417,31,0.999999,1e-06,-0.04,-1,1,0.17
value,75,0.006506,31,0.999999,1e-06,-0.04,-1,1,0.18
value,75,0.006291,31,0.999999,1e-06,-0.04,-1,1,0.19
value,75,0.006338,31,0.999999,1e-06,-0.04,-1,1,0.2
value,76,0.006592,31,0.999999,1e-06,-0.04,-1,1,0.21
value,76,0.006562,31,0.999999,1e-06,-0.04,-1,1,0.22
value,76,0.006418,31,0.999999,1e-06,-0.04,-1,1,0.23
value,76,0.00658,31,0.999999,1e-06,-0.04,-1,1,0.24
value,77,0.006664,31,0.999999,1e-06,-0.04,-1,1,0.25
value,77,0.006583,31,0.999999,1e-06,-0.04,-1,1,0.26
value,77,0.006477,31,0.999999,1e-06,-0.04,-1,1,0.27
value,77,0.006457,31,0.999999,1e-06,-0.04,-1,1,0.28
value,77,0.006479,31,0.999999,1e-06,-0.04,-1,1,0.29
value,77,0.006496,31,0.999999,1e-06,-0.04,-1,1,0.3
value,77,0.006506,31,0.999999,1e-06,-0.04,-1,1,0.31
value,64,0.005364,31,0.999999,1e-06,-0.04,-1,1,0.32
value,64,0.005366,31,0.999999,1e-06,-0.04,-1,1,0.33
value,64,0.005386,31,0.999999,1e-06,-0.04,-1,1,0.34
value,64,0.005366,31,0.999999,1e-06,-0.04,-1,1,0.35
value,64,0.005368,31,0.999999,1e-06,-0.04,-1,1,0.36
value,64,0.005389,31,0.999999,1e-06,-0.04,-1,1,0.37
value,64,0.005383,31,0.999999,1e-06,-0.04,-1,1,0.38
value,64,0.005451,31,0.999999,1e-06,-0.04,-1,1,0.39
value,64,0.00536,31,0.999999,1e-06,-0.04,-1,1,0.4
value,64,0.005362,31,0.999999,1e-06,-0.04,-1,1,0.41
value,64,0.005383,31,0.999999,1e-06,-0.04,-1,1,0.42
value,64,0.005402,31,0.999999,1e-06,-0.04,-1,1,0.43
value,64,0.005361,31,0.999999,1e-06,-0.04,-1,1,0.44
value,64,0.005402,31,0.999999,1e-06,-0.04,-1,1,0.45
value,64,0.005409,31,0.999999,1e-06,-0.04,-1,1,0.46
value,64,0.00536,31,0.999999,1e-06,-0.04,-1,1,0.47
value,64,0.005402,31,0.999999,1e-06,-0.04,-1,1,0.48
value,64,0.00536,31,0.999999,1e-06,-0.04,-1,1,0.49
value,64,0.005383,31,0.999999,1e-06,-0.04,-1,1,0.5
value,64,0.005361,31,0.999999,1e-06,-0.04,-1,1,0.51
value,64,0.00536,31,0.999999,1e-06,-0.04,-1,1,0.52
value,65,0.005464,31,0.999999,1e-06,-0.04,-1,1,0.53
value,65,0.005491,31,0.999999,1e-06,-0.04,-1,1,0.54
value,65,0.005467,31,0.999999,1e-06,-0.04,-1,1,0.55
value,65,0.005443,31,0.999999,1e-06,-0.04,-1,1,0.56
value,65,0.005529,31,0.999999,1e-06,-0.04,-1,1,0.57
value,65,0.005482,31,0.999999,1e-06,-0.04,-1,1,0.58
value,65,0.005462,31,0.999999,1e-06,-0.04,-1,1,0.59
value,65,0.005443,31,0.999999,1e-06,-0.04,-1,1,0.6
value,65,0.005444,31,0.999999,1e-06,-0.04,-1,1,0.61
value,65,0.005485,31,0.999999,1e-06,-0.04,-1,1,0.62
value,65,0.005464,31,0.999999,1e-06,-0.04,-1,1,0.63
value,65,0.005445,31,0.999999,1e-06,-0.04,-1,1,0.64
value,65,0.005464,31,0.999999,1e-06,-0.04,-1,1,0.65
value,65,0.005488,31,0.999999,1e-06,-0.04,-1,1,0.66
value,65,0.005442,31,0.999999,1e-06,-0.04,-1,1,0.67
value,65,0.005464,31,0.999999,1e-06,-0.04,-1,1,0.68
value,65,0.005499,31,0.999999,1e-06,-0.04,-1,1,0.69
value,65,0.005443,31,0.999999,1e-06,-0.04,-1,1,0.7
value,65,0.005463,31,0.999999,1e-06,-0.04,-1,1,0.71
value,65,0.005456,31,0.999999,1e-06,-0.04,-1,1,0.72
value,65,0.005486,31,0.999999,1e-06,-0.04,-1,1,0.73
value,65,0.005444,31,0.999999,1e-06,-0.04,-1,1,0.74
value,65,0.005503,31,0.999999,1e-06,-0.04,-1,1,0.75
value,65,0.005624,31,0.999999,1e-06,-0.04,-1,1,0.76
value,65,0.005537,31,0.999999,1e-06,-0.04,-1,1,0.77
value,65,0.005466,31,0.999999,1e-06,-0.04,-1,1,0.78
value,65,0.005452,31,0.999999,1e-06,-0.04,-1,1,0.79
value,65,0.005464,31,0.999999,1e-06,-0.04,-1,1,0.8
value,65,0.005443,31,0.999999,1e-06,-0.04,-1,1,0.81
value,65,0.005444,31,0.999999,1e-06,-0.04,-1,1,0.82
value,65,0.005443,31,0.999999,1e-06,-0.04,-1,1,0.83
value,65,0.005493,31,0.999999,1e-06,-0.04,-1,1,0.84
value,65,0.005484,31,0.999999,1e-06,-0.04,-1,1,0.85
value,65,0.005442,31,0.999999,1e-06,-0.04,-1,1,0.86
value,65,0.005444,31,0.999999,1e-06,-0.04,-1,1,0.87
value,65,0.005463,31,0.999999,1e-06,-0.04,-1,1,0.88
value,65,0.005481,31,0.999999,1e-06,-0.04,-1,1,0.89
value,65,0.005443,31,0.999999,1e-06,-0.04,-1,1,0.9
value,65,0.005485,31,0.999999,1e-06,-0.04,-1,1,0.91
value,65,0.005485,31,0.999999,1e-06,-0.04,-1,1,0.92
value,65,0.005465,31,0.999999,1e-06,-0.04,-1,1,0.93
value,65,0.005487,31,0.999999,1e-06,-0.04,-1,1,0.94
value,65,0.005443,31,0.999999,1e-06,-0.04,-1,1,0.95
value,65,0.005443,31,0.999999,1e-06,-0.04,-1,1,0.96
value,65,0.005464,31,0.999999,1e-06,-0.04,-1,1,0.97
value,65,0.005489,31,0.999999,1e-06,-0.04,-1,1,0.98
value,65,0.005448,31,0.999999,1e-06,-0.04,-1,1,0.99
value,70,0.005879,32,0.999999,1e-06,-0.04,-1,1,0.01
value,73,0.006204,32,0.999999,1e-06,-0.04,-1,1,0.02
value,74,0.006409,32,0.999999,1e-06,-0.04,-1,1,0.03
value,76,0.006452,32,0.999999,1e-06,-0.04,-1,1,0.04
value,77,0.006737,32,0.999999,1e-06,-0.04,-1,1,0.05
value,78,0.006572,31,0.999999,1e-06,-0.04,-1,1,0.06
value,79,0.006619,31,0.999999,1e-06,-0.04,-1,1,0.07
value,70,0.00591,31,0.999999,1e-06,-0.04,-1,1,0.08
value,71,0.006044,31,0.999999,1e-06,-0.04,-1,1,0.09
value,71,0.005949,31,0.999999,1e-06,-0.04,-1,1,0.1
value,72,0.006041,31,0.999999,1e-06,-0.04,-1,1,0.11
value,72,0.006071,31,0.999999,1e-06,-0.04,-1,1,0.12
value,73,0.006124,31,0.999999,1e-06,-0.04,-1,1,0.13
value,73,0.00612,31,0.999999,1e-06,-0.04,-1,1,0.14
value,74,0.006206,31,0.999999,1e-06,-0.04,-1,1,0.15
value,74,0.006276,31,0.999999,1e-06,-0.04,-1,1,0.16
value,74,0.006207,31,0.999999,1e-06,-0.04,-1,1,0.17
value,75,0.006287,31,0.999999,1e-06,-0.04,-1,1,0.18
value,75,0.006307,31,0.999999,1e-06,-0.04,-1,1,0.19
value,75,0.006327,31,0.999999,1e-06,-0.04,-1,1,0.2
value,76,0.006405,31,0.999999,1e-06,-0.04,-1,1,0.21
value,76,0.006373,31,0.999999,1e-06,-0.04,-1,1,0.22
value,76,0.006419,31,0.999999,1e-06,-0.04,-1,1,0.23
value,76,0.006389,31,0.999999,1e-06,-0.04,-1,1,0.24
value,77,0.006477,31,0.999999,1e-06,-0.04,-1,1,0.25
value,77,0.006456,31,0.999999,1e-06,-0.04,-1,1,0.26
value,77,0.006455,31,0.999999,1e-06,-0.04,-1,1,0.27
value,77,0.006496,31,0.999999,1e-06,-0.04,-1,1,0.28
value,77,0.006504,31,0.999999,1e-06,-0.04,-1,1,0.29
value,77,0.00648,31,0.999999,1e-06,-0.04,-1,1,0.3
value,77,0.006456,31,0.999999,1e-06,-0.04,-1,1,0.31
value,64,0.005381,31,0.999999,1e-06,-0.04,-1,1,0.32
value,64,0.005378,31,0.999999,1e-06,-0.04,-1,1,0.33
value,64,0.005382,31,0.999999,1e-06,-0.04,-1,1,0.34
value,64,0.005361,31,0.999999,1e-06,-0.04,-1,1,0.35
value,64,0.005373,31,0.999999,1e-06,-0.04,-1,1,0.36
value,64,0.005437,31,0.999999,1e-06,-0.04,-1,1,0.37
value,64,0.005361,31,0.999999,1e-06,-0.04,-1,1,0.38
value,64,0.005363,31,0.999999,1e-06,-0.04,-1,1,0.39
value,64,0.005361,31,0.999999,1e-06,-0.04,-1,1,0.4
value,64,0.005381,31,0.999999,1e-06,-0.04,-1,1,0.41
value,64,0.005364,31,0.999999,1e-06,-0.04,-1,1,0.42
value,64,0.005371,31,0.999999,1e-06,-0.04,-1,1,0.43
value,64,0.005431,31,0.999999,1e-06,-0.04,-1,1,0.44
value,64,0.005368,31,0.999999,1e-06,-0.04,-1,1,0.45
value,64,0.005404,31,0.999999,1e-06,-0.04,-1,1,0.46
value,64,0.005362,31,0.999999,1e-06,-0.04,-1,1,0.47
value,64,0.005417,31,0.999999,1e-06,-0.04,-1,1,0.48
value,64,0.0054,31,0.999999,1e-06,-0.04,-1,1,0.49
value,64,0.005382,31,0.999999,1e-06,-0.04,-1,1,0.5
value,64,0.005371,31,0.999999,1e-06,-0.04,-1,1,0.51
value,64,0.005456,31,0.999999,1e-06,-0.04,-1,1,0.52
value,65,0.005485,31,0.999999,1e-06,-0.04,-1,1,0.53
value,65,0.005463,31,0.999999,1e-06,-0.04,-1,1,0.54
value,65,0.005484,31,0.999999,1e-06,-0.04,-1,1,0.55
value,65,0.005468,31,0.999999,1e-06,-0.04,-1,1,0.56
value,65,0.005465,31,0.999999,1e-06,-0.04,-1,1,0.57
value,65,0.005444,31,0.999999,1e-06,-0.04,-1,1,0.58
value,65,0.005446,31,0.999999,1e-06,-0.04,-1,1,0.59
value,65,0.005509,31,0.999999,1e-06,-0.04,-1,1,0.6
value,65,0.005466,31,0.999999,1e-06,-0.04,-1,1,0.61
value,65,0.005444,31,0.999999,1e-06,-0.04,-1,1,0.62
value,65,0.005442,31,0.999999,1e-06,-0.04,-1,1,0.63
value,65,0.0055,31,0.999999,1e-06,-0.04,-1,1,0.64
value,65,0.005443,31,0.999999,1e-06,-0.04,-1,1,0.65
value,65,0.005478,31,0.999999,1e-06,-0.04,-1,1,0.66
value,65,0.005492,31,0.999999,1e-06,-0.04,-1,1,0.67
value,65,0.005443,31,0.999999,1e-06,-0.04,-1,1,0.68
value,65,0.005465,31,0.999999,1e-06,-0.04,-1,1,0.69
value,65,0.005445,31,0.999999,1e-06,-0.04,-1,1,0.7
value,65,0.00547,31,0.999999,1e-06,-0.04,-1,1,0.71
value,65,0.005465,31,0.999999,1e-06,-0.04,-1,1,0.72
value,65,0.005679,31,0.999999,1e-06,-0.04,-1,1,0.73
value,65,0.005828,31,0.999999,1e-06,-0.04,-1,1,0.74
value,65,0.005494,31,0.999999,1e-06,-0.04,-1,1,0.75
value,65,0.005448,31,0.999999,1e-06,-0.04,-1,1,0.76
value,65,0.00545,31,0.999999,1e-06,-0.04,-1,1,0.77
value,65,0.005467,31,0.999999,1e-06,-0.04,-1,1,0.78
value,65,0.005451,31,0.999999,1e-06,-0.04,-1,1,0.79
value,65,0.005687,31,0.999999,1e-06,-0.04,-1,1,0.8
value,65,0.005622,31,0.999999,1e-06,-0.04,-1,1,0.81
value,65,0.00562,31,0.999999,1e-06,-0.04,-1,1,0.82
value,65,0.00562,31,0.999999,1e-06,-0.04,-1,1,0.83
value,65,0.005621,31,0.999999,1e-06,-0.04,-1,1,0.84
value,65,0.005469,31,0.999999,1e-06,-0.04,-1,1,0.85
value,65,0.005469,31,0.999999,1e-06,-0.04,-1,1,0.86
value,65,0.00545,31,0.999999,1e-06,-0.04,-1,1,0.87
value,65,0.005448,31,0.999999,1e-06,-0.04,-1,1,0.88
value,65,0.005498,31,0.999999,1e-06,-0.04,-1,1,0.89
value,65,0.005507,31,0.999999,1e-06,-0.04,-1,1,0.9
value,65,0.005484,31,0.999999,1e-06,-0.04,-1,1,0.91
value,65,0.005493,31,0.999999,1e-06,-0.04,-1,1,0.92
value,65,0.005444,31,0.999999,1e-06,-0.04,-1,1,0.93
value,65,0.005443,31,0.999999,1e-06,-0.04,-1,1,0.94
value,65,0.005445,31,0.999999,1e-06,-0.04,-1,1,0.95
value,65,0.005464,31,0.999999,1e-06,-0.04,-1,1,0.96
value,65,0.005491,31,0.999999,1e-06,-0.04,-1,1,0.97
value,65,0.005467,31,0.999999,1e-06,-0.04,-1,1,0.98
value,65,0.005444,31,0.999999,1e-06,-0.04,-1,1,0.99
value,70,0.005891,32,0.999999,1e-06,-0.04,-1,1,0.01
value,73,0.006238,32,0.999999,1e-06,-0.04,-1,1,0.02
value,74,0.006341,32,0.999999,1e-06,-0.04,-1,1,0.03
value,76,0.006366,32,0.999999,1e-06,-0.04,-1,1,0.04
value,77,0.006723,32,0.999999,1e-06,-0.04,-1,1,0.05
value,78,0.006631,31,0.999999,1e-06,-0.04,-1,1,0.06
value,79,0.006657,31,0.999999,1e-06,-0.04,-1,1,0.07
value,70,0.005894,31,0.999999,1e-06,-0.04,-1,1,0.08
value,71,0.005987,31,0.999999,1e-06,-0.04,-1,1,0.09
value,71,0.005948,31,0.999999,1e-06,-0.04,-1,1,0.1
value,72,0.00603,31,0.999999,1e-06,-0.04,-1,1,0.11
value,72,0.006032,31,0.999999,1e-06,-0.04,-1,1,0.12
value,73,0.006154,31,0.999999,1e-06,-0.04,-1,1,0.13
value,73,0.006117,31,0.999999,1e-06,-0.04,-1,1,0.14
value,74,0.006246,31,0.999999,1e-06,-0.04,-1,1,0.15
value,74,0.006199,31,0.999999,1e-06,-0.04,-1,1,0.16
value,74,0.006218,31,0.999999,1e-06,-0.04,-1,1,0.17
value,75,0.006327,31,0.999999,1e-06,-0.04,-1,1,0.18
value,75,0.006595,31,0.999999,1e-06,-0.04,-1,1,0.19
value,75,0.006338,31,0.999999,1e-06,-0.04,-1,1,0.2
value,76,0.006483,31,0.999999,1e-06,-0.04,-1,1,0.21
value,76,0.0064,31,0.999999,1e-06,-0.04,-1,1,0.22
value,76,0.006371,31,0.999999,1e-06,-0.04,-1,1,0.23
value,76,0.006372,31,0.999999,1e-06,-0.04,-1,1,0.24
value,77,0.006476,31,0.999999,1e-06,-0.04,-1,1,0.25
value,77,0.00652,31,0.999999,1e-06,-0.04,-1,1,0.26
value,77,0.006458,31,0.999999,1e-06,-0.04,-1,1,0.27
value,77,0.00655,31,0.999999,1e-06,-0.04,-1,1,0.28
value,77,0.006477,31,0.999999,1e-06,-0.04,-1,1,0.29
value,77,0.006464,31,0.999999,1e-06,-0.04,-1,1,0.3
value,77,0.006491,31,0.999999,1e-06,-0.04,-1,1,0.31
value,64,0.005405,31,0.999999,1e-06,-0.04,-1,1,0.32
value,64,0.005361,31,0.999999,1e-06,-0.04,-1,1,0.33
value,64,0.0054,31,0.999999,1e-06,-0.04,-1,1,0.34
value,64,0.005431,31,0.999999,1e-06,-0.04,-1,1,0.35
value,64,0.005387,31,0.999999,1e-06,-0.04,-1,1,0.36
value,64,0.005428,31,0.999999,1e-06,-0.04,-1,1,0.37
value,64,0.005366,31,0.999999,1e-06,-0.04,-1,1,0.38
value,64,0.005368,31,0.999999,1e-06,-0.04,-1,1,0.39
value,64,0.005365,31,0.999999,1e-06,-0.04,-1,1,0.4
value,64,0.005391,31,0.999999,1e-06,-0.04,-1,1,0.41
value,64,0.005363,31,0.999999,1e-06,-0.04,-1,1,0.42
value,64,0.005521,31,0.999999,1e-06,-0.04,-1,1,0.43
value,64,0.005382,31,0.999999,1e-06,-0.04,-1,1,0.44
value,64,0.00538,31,0.999999,1e-06,-0.04,-1,1,0.45
value,64,0.005401,31,0.999999,1e-06,-0.04,-1,1,0.46
value,64,0.00538,31,0.999999,1e-06,-0.04,-1,1,0.47
value,64,0.005369,31,0.999999,1e-06,-0.04,-1,1,0.48
value,64,0.005391,31,0.999999,1e-06,-0.04,-1,1,0.49
value,64,0.005398,31,0.999999,1e-06,-0.04,-1,1,0.5
value,64,0.005452,31,0.999999,1e-06,-0.04,-1,1,0.51
value,64,0.005362,31,0.999999,1e-06,-0.04,-1,1,0.52
value,65,0.00548,31,0.999999,1e-06,-0.04,-1,1,0.53
value,65,0.005443,31,0.999999,1e-06,-0.04,-1,1,0.54
value,65,0.005463,31,0.999999,1e-06,-0.04,-1,1,0.55
value,65,0.005461,31,0.999999,1e-06,-0.04,-1,1,0.56
value,65,0.005445,31,0.999999,1e-06,-0.04,-1,1,0.57
value,65,0.005473,31,0.999999,1e-06,-0.04,-1,1,0.58
value,65,0.005444,31,0.999999,1e-06,-0.04,-1,1,0.59
value,65,0.005484,31,0.999999,1e-06,-0.04,-1,1,0.6
value,65,0.005443,31,0.999999,1e-06,-0.04,-1,1,0.61
value,65,0.005445,31,0.999999,1e-06,-0.04,-1,1,0.62
value,65,0.005469,31,0.999999,1e-06,-0.04,-1,1,0.63
value,65,0.005467,31,0.999999,1e-06,-0.04,-1,1,0.64
value,65,0.005489,31,0.999999,1e-06,-0.04,-1,1,0.65
value,65,0.005494,31,0.999999,1e-06,-0.04,-1,1,0.66
value,65,0.005468,31,0.999999,1e-06,-0.04,-1,1,0.67
value,65,0.005448,31,0.999999,1e-06,-0.04,-1,1,0.68
value,65,0.005466,31,0.999999,1e-06,-0.04,-1,1,0.69
value,65,0.005449,31,0.999999,1e-06,-0.04,-1,1,0.7
value,65,0.005483,31,0.999999,1e-06,-0.04,-1,1,0.71
value,65,0.00547,31,0.999999,1e-06,-0.04,-1,1,0.72
value,65,0.005463,31,0.999999,1e-06,-0.04,-1,1,0.73
value,65,0.005479,31,0.999999,1e-06,-0.04,-1,1,0.74
value,65,0.005443,31,0.999999,1e-06,-0.04,-1,1,0.75
value,65,0.005444,31,0.999999,1e-06,-0.04,-1,1,0.76
value,65,0.005442,31,0.999999,1e-06,-0.04,-1,1,0.77
value,65,0.005464,31,0.999999,1e-06,-0.04,-1,1,0.78
value,65,0.005443,31,0.999999,1e-06,-0.04,-1,1,0.79
value,65,0.005443,31,0.999999,1e-06,-0.04,-1,1,0.8
value,65,0.005493,31,0.999999,1e-06,-0.04,-1,1,0.81
value,65,0.005443,31,0.999999,1e-06,-0.04,-1,1,0.82
value,65,0.005507,31,0.999999,1e-06,-0.04,-1,1,0.83
value,65,0.005448,31,0.999999,1e-06,-0.04,-1,1,0.84
value,65,0.005469,31,0.999999,1e-06,-0.04,-1,1,0.85
value,65,0.005449,31,0.999999,1e-06,-0.04,-1,1,0.86
value,65,0.005469,31,0.999999,1e-06,-0.04,-1,1,0.87
value,65,0.005448,31,0.999999,1e-06,-0.04,-1,1,0.88
value,65,0.005533,31,0.999999,1e-06,-0.04,-1,1,0.89
value,65,0.005447,31,0.999999,1e-06,-0.04,-1,1,0.9
value,65,0.005449,31,0.999999,1e-06,-0.04,-1,1,0.91
value,65,0.005487,31,0.999999,1e-06,-0.04,-1,1,0.92
value,65,0.005448,31,0.999999,1e-06,-0.04,-1,1,0.93
value,65,0.005448,31,0.999999,1e-06,-0.04,-1,1,0.94
value,65,0.005467,31,0.999999,1e-06,-0.04,-1,1,0.95
value,65,0.005498,31,0.999999,1e-06,-0.04,-1,1,0.96
value,65,0.005448,31,0.999999,1e-06,-0.04,-1,1,0.97
value,65,0.005448,31,0.999999,1e-06,-0.04,-1,1,0.98
value,65,0.005449,31,0.999999,1e-06,-0.04,-1,1,0.99
value,70,0.005895,32,0.999999,1e-06,-0.04,-1,1,0.01
value,73,0.006237,32,0.999999,1e-06,-0.04,-1,1,0.02
value,74,0.006305,32,0.999999,1e-06,-0.04,-1,1,0.03
value,76,0.006404,32,0.999999,1e-06,-0.04,-1,1,0.04
value,77,0.006733,32,0.999999,1e-06,-0.04,-1,1,0.05
value,78,0.006645,31,0.999999,1e-06,-0.04,-1,1,0.06
value,79,0.006619,31,0.999999,1e-06,-0.04,-1,1,0.07
value,70,0.005906,31,0.999999,1e-06,-0.04,-1,1,0.08
value,71,0.00599,31,0.999999,1e-06,-0.04,-1,1,0.09
value,71,0.005988,31,0.999999,1e-06,-0.04,-1,1,0.1
value,72,0.006043,31,0.999999,1e-06,-0.04,-1,1,0.11
value,72,0.006225,31,0.999999,1e-06,-0.04,-1,1,0.12
value,73,0.006313,31,0.999999,1e-06,-0.04,-1,1,0.13
value,73,0.006312,31,0.999999,1e-06,-0.04,-1,1,0.14
value,74,0.006397,31,0.999999,1e-06,-0.04,-1,1,0.15
value,74,0.006399,31,0.999999,1e-06,-0.04,-1,1,0.16
value,74,0.00636,31,0.999999,1e-06,-0.04,-1,1,0.17
value,75,0.006333,31,0.999999,1e-06,-0.04,-1,1,0.18
value,75,0.006339,31,0.999999,1e-06,-0.04,-1,1,0.19
value,75,0.006309,31,0.999999,1e-06,-0.04,-1,1,0.2
value,76,0.006575,31,0.999999,1e-06,-0.04,-1,1,0.21
value,76,0.006493,31,0.999999,1e-06,-0.04,-1,1,0.22
value,76,0.006373,31,0.999999,1e-06,-0.04,-1,1,0.23
value,76,0.006373,31,0.999999,1e-06,-0.04,-1,1,0.24
value,77,0.006475,31,0.999999,1e-06,-0.04,-1,1,0.25
value,77,0.006457,31,0.999999,1e-06,-0.04,-1,1,0.26
value,77,0.006455,31,0.999999,1e-06,-0.04,-1,1,0.27
value,77,0.006505,31,0.999999,1e-06,-0.04,-1,1,0.28
value,77,0.006553,31,0.999999,1e-06,-0.04,-1,1,0.29
value,77,0.006658,31,0.999999,1e-06,-0.04,-1,1,0.3
value,77,0.006501,31,0.999999,1e-06,-0.04,-1,1,0.31
value,64,0.005383,31,0.999999,1e-06,-0.04,-1,1,0.32
value,64,0.005406,31,0.999999,1e-06,-0.04,-1,1,0.33
value,64,0.005361,31,0.999999,1e-06,-0.04,-1,1,0.34
value,64,0.00542,31,0.999999,1e-06,-0.04,-1,1,0.35
value,64,0.005392,31,0.999999,1e-06,-0.04,-1,1,0.36
value,64,0.005369,31,0.999999,1e-06,-0.04,-1,1,0.37
value,64,0.005432,31,0.999999,1e-06,-0.04,-1,1,0.38
value,64,0.005385,31,0.999999,1e-06,-0.04,-1,1,0.39
value,64,0.00536,31,0.999999,1e-06,-0.04,-1,1,0.4
value,64,0.005362,31,0.999999,1e-06,-0.04,-1,1,0.41
value,64,0.005424,31,0.999999,1e-06,-0.04,-1,1,0.42
value,64,0.005429,31,0.999999,1e-06,-0.04,-1,1,0.43
value,64,0.005368,31,0.999999,1e-06,-0.04,-1,1,0.44
value,64,0.005365,31,0.999999,1e-06,-0.04,-1,1,0.45
value,64,0.005367,31,0.999999,1e-06,-0.04,-1,1,0.46
value,64,0.005387,31,0.999999,1e-06,-0.04,-1,1,0.47
value,64,0.00556,31,0.999999,1e-06,-0.04,-1,1,0.48
value,64,0.005599,31,0.999999,1e-06,-0.04,-1,1,0.49
value,64,0.005505,31,0.999999,1e-06,-0.04,-1,1,0.5
value,64,0.005405,31,0.999999,1e-06,-0.04,-1,1,0.51
value,64,0.005362,31,0.999999,1e-06,-0.04,-1,1,0.52
value,65,0.005444,31,0.999999,1e-06,-0.04,-1,1,0.53
value,65,0.005472,31,0.999999,1e-06,-0.04,-1,1,0.54
value,65,0.00545,31,0.999999,1e-06,-0.04,-1,1,0.55
value,65,0.005464,31,0.999999,1e-06,-0.04,-1,1,0.56
value,65,0.005464,31,0.999999,1e-06,-0.04,-1,1,0.57
value,65,0.005487,31,0.999999,1e-06,-0.04,-1,1,0.58
value,65,0.005463,31,0.999999,1e-06,-0.04,-1,1,0.59
value,65,0.005444,31,0.999999,1e-06,-0.04,-1,1,0.6
value,65,0.005463,31,0.999999,1e-06,-0.04,-1,1,0.61
value,65,0.005478,31,0.999999,1e-06,-0.04,-1,1,0.62
value,65,0.005444,31,0.999999,1e-06,-0.04,-1,1,0.63
value,65,0.005442,31,0.999999,1e-06,-0.04,-1,1,0.64
value,65,0.005465,31,0.999999,1e-06,-0.04,-1,1,0.65
value,65,0.005542,31,0.999999,1e-06,-0.04,-1,1,0.66
value,65,0.005442,31,0.999999,1e-06,-0.04,-1,1,0.67
value,65,0.005444,31,0.999999,1e-06,-0.04,-1,1,0.68
value,65,0.005442,31,0.999999,1e-06,-0.04,-1,1,0.69
value,65,0.005474,31,0.999999,1e-06,-0.04,-1,1,0.7
value,65,0.005482,31,0.999999,1e-06,-0.04,-1,1,0.71
value,65,0.005465,31,0.999999,1e-06,-0.04,-1,1,0.72
value,65,0.005507,31,0.999999,1e-06,-0.04,-1,1,0.73
value,65,0.005483,31,0.999999,1e-06,-0.04,-1,1,0.74
value,65,0.005495,31,0.999999,1e-06,-0.04,-1,1,0.75
value,65,0.005444,31,0.999999,1e-06,-0.04,-1,1,0.76
value,65,0.005443,31,0.999999,1e-06,-0.04,-1,1,0.77
value,65,0.005445,31,0.999999,1e-06,-0.04,-1,1,0.78
value,65,0.005483,31,0.999999,1e-06,-0.04,-1,1,0.79
value,65,0.005443,31,0.999999,1e-06,-0.04,-1,1,0.8
value,65,0.005494,31,0.999999,1e-06,-0.04,-1,1,0.81
value,65,0.005442,31,0.999999,1e-06,-0.04,-1,1,0.82
value,65,0.005463,31,0.999999,1e-06,-0.04,-1,1,0.83
value,65,0.005484,31,0.999999,1e-06,-0.04,-1,1,0.84
value,65,0.005442,31,0.999999,1e-06,-0.04,-1,1,0.85
value,65,0.005445,31,0.999999,1e-06,-0.04,-1,1,0.86
value,65,0.005465,31,0.999999,1e-06,-0.04,-1,1,0.87
value,65,0.005494,31,0.999999,1e-06,-0.04,-1,1,0.88
value,65,0.00546,31,0.999999,1e-06,-0.04,-1,1,0.89
value,65,0.005464,31,0.999999,1e-06,-0.04,-1,1,0.9
value,65,0.005443,31,0.999999,1e-06,-0.04,-1,1,0.91
value,65,0.005464,31,0.999999,1e-06,-0.04,-1,1,0.92
value,65,0.005464,31,0.999999,1e-06,-0.04,-1,1,0.93
value,65,0.00548,31,0.999999,1e-06,-0.04,-1,1,0.94
value,65,0.005443,31,0.999999,1e-06,-0.04,-1,1,0.95
value,65,0.005487,31,0.999999,1e-06,-0.04,-1,1,0.96
value,65,0.005468,31,0.999999,1e-06,-0.04,-1,1,0.97
value,65,0.005462,31,0.999999,1e-06,-0.04,-1,1,0.98
value,65,0.005443,31,0.999999,1e-06,-0.04,-1,1,0.99
value,70,0.005897,32,0.999999,1e-06,-0.04,-1,1,0.01
value,73,0.006239,32,0.999999,1e-06,-0.04,-1,1,0.02
value,74,0.006312,32,0.999999,1e-06,-0.04,-1,1,0.03
value,76,0.006412,32,0.999999,1e-06,-0.04,-1,1,0.04
value,77,0.006741,32,0.999999,1e-06,-0.04,-1,1,0.05
value,78,0.006579,31,0.999999,1e-06,-0.04,-1,1,0.06
value,79,0.006646,31,0.999999,1e-06,-0.04,-1,1,0.07
value,70,0.005888,31,0.999999,1e-06,-0.04,-1,1,0.08
value,71,0.005974,31,0.999999,1e-06,-0.04,-1,1,0.09
value,71,0.006021,31,0.999999,1e-06,-0.04,-1,1,0.1
value,72,0.006058,31,0.999999,1e-06,-0.04,-1,1,0.11
value,72,0.006055,31,0.999999,1e-06,-0.04,-1,1,0.12
value,73,0.00612,31,0.999999,1e-06,-0.04,-1,1,0.13
value,73,0.006369,31,0.999999,1e-06,-0.04,-1,1,0.14
value,74,0.006467,31,0.999999,1e-06,-0.04,-1,1,0.15
value,74,0.006522,31,0.999999,1e-06,-0.04,-1,1,0.16
value,74,0.006333,31,0.999999,1e-06,-0.04,-1,1,0.17
value,75,0.006369,31,0.999999,1e-06,-0.04,-1,1,0.18
value,75,0.006288,31,0.999999,1e-06,-0.04,-1,1,0.19
value,75,0.006306,31,0.999999,1e-06,-0.04,-1,1,0.2
value,76,0.006413,31,0.999999,1e-06,-0.04,-1,1,0.21
value,76,0.006369,31,0.999999,1e-06,-0.04,-1,1,0.22
value,76,0.006419,31,0.999999,1e-06,-0.04,-1,1,0.23
value,76,0.006392,31,0.999999,1e-06,-0.04,-1,1,0.24
value,77,0.006474,31,0.999999,1e-06,-0.04,-1,1,0.25
value,77,0.006474,31,0.999999,1e-06,-0.04,-1,1,0.26
value,77,0.006475,31,0.999999,1e-06,-0.04,-1,1,0.27
value,77,0.006475,31,0.999999,1e-06,-0.04,-1,1,0.28
value,77,0.006492,31,0.999999,1e-06,-0.04,-1,1,0.29
value,77,0.006543,31,0.999999,1e-06,-0.04,-1,1,0.3
value,77,0.006458,31,0.999999,1e-06,-0.04,-1,1,0.31
value,64,0.005386,31,0.999999,1e-06,-0.04,-1,1,0.32
value,64,0.005424,31,0.999999,1e-06,-0.04,-1,1,0.33
value,64,0.00538,31,0.999999,1e-06,-0.04,-1,1,0.34
value,64,0.00537,31,0.999999,1e-06,-0.04,-1,1,0.35
value,64,0.005381,31,0.999999,1e-06,-0.04,-1,1,0.36
value,64,0.005423,31,0.999999,1e-06,-0.04,-1,1,0.37
value,64,0.005382,31,0.999999,1e-06,-0.04,-1,1,0.38
value,64,0.005365,31,0.999999,1e-06,-0.04,-1,1,0.39
value,64,0.00536,31,0.999999,1e-06,-0.04,-1,1,0.4
value,64,0.005382,31,0.999999,1e-06,-0.04,-1,1,0.41
value,64,0.005383,31,0.999999,1e-06,-0.04,-1,1,0.42
value,64,0.00538,31,0.999999,1e-06,-0.04,-1,1,0.43
value,64,0.005362,31,0.999999,1e-06,-0.04,-1,1,0.44
value,64,0.005409,31,0.999999,1e-06,-0.04,-1,1,0.45
value,64,0.00538,31,0.999999,1e-06,-0.04,-1,1,0.46
value,64,0.005362,31,0.999999,1e-06,-0.04,-1,1,0.47
value,64,0.005396,31,0.999999,1e-06,-0.04,-1,1,0.48
value,64,0.005363,31,0.999999,1e-06,-0.04,-1,1,0.49
value,64,0.00538,31,0.999999,1e-06,-0.04,-1,1,0.5
value,64,0.00536,31,0.999999,1e-06,-0.04,-1,1,0.51
value,64,0.005411,31,0.999999,1e-06,-0.04,-1,1,0.52
value,65,0.005444,31,0.999999,1e-06,-0.04,-1,1,0.53
value,65,0.005443,31,0.999999,1e-06,-0.04,-1,1,0.54
value,65,0.005463,31,0.999999,1e-06,-0.04,-1,1,0.55
value,65,0.005442,31,0.999999,1e-06,-0.04,-1,1,0.56
value,65,0.005601,31,0.999999,1e-06,-0.04,-1,1,0.57
value,65,0.005511,31,0.999999,1e-06,-0.04,-1,1,0.58
value,65,0.005504,31,0.999999,1e-06,-0.04,-1,1,0.59
value,65,0.005611,31,0.999999,1e-06,-0.04,-1,1,0.6
value,65,0.005619,31,0.999999,1e-06,-0.04,-1,1,0.61
value,65,0.00562,31,0.999999,1e-06,-0.04,-1,1,0.62
value,65,0.005619,31,0.999999,1e-06,-0.04,-1,1,0.63
value,65,0.005473,31,0.999999,1e-06,-0.04,-1,1,0.64
value,65,0.005465,31,0.999999,1e-06,-0.04,-1,1,0.65
value,65,0.0055,31,0.999999,1e-06,-0.04,-1,1,0.66
value,65,0.005456,31,0.999999,1e-06,-0.04,-1,1,0.67
value,65,0.00548,31,0.999999,1e-06,-0.04,-1,1,0.68
value,65,0.005485,31,0.999999,1e-06,-0.04,-1,1,0.69
value,65,0.005488,31,0.999999,1e-06,-0.04,-1,1,0.7
value,65,0.005443,31,0.999999,1e-06,-0.04,-1,1,0.71
value,65,0.005443,31,0.999999,1e-06,-0.04,-1,1,0.72
value,65,0.005465,31,0.999999,1e-06,-0.04,-1,1,0.73
value,65,0.005638,31,0.999999,1e-06,-0.04,-1,1,0.74
value,65,0.005623,31,0.999999,1e-06,-0.04,-1,1,0.75
value,65,0.00562,31,0.999999,1e-06,-0.04,-1,1,0.76
value,65,0.005619,31,0.999999,1e-06,-0.04,-1,1,0.77
value,65,0.005621,31,0.999999,1e-06,-0.04,-1,1,0.78
value,65,0.005619,31,0.999999,1e-06,-0.04,-1,1,0.79
value,65,0.005621,31,0.999999,1e-06,-0.04,-1,1,0.8
value,65,0.00562,31,0.999999,1e-06,-0.04,-1,1,0.81
value,65,0.005619,31,0.999999,1e-06,-0.04,-1,1,0.82
value,65,0.005476,31,0.999999,1e-06,-0.04,-1,1,0.83
value,65,0.005478,31,0.999999,1e-06,-0.04,-1,1,0.84
value,65,0.005445,31,0.999999,1e-06,-0.04,-1,1,0.85
value,65,0.005462,31,0.999999,1e-06,-0.04,-1,1,0.86
value,65,0.005443,31,0.999999,1e-06,-0.04,-1,1,0.87
value,65,0.005466,31,0.999999,1e-06,-0.04,-1,1,0.88
value,65,0.005443,31,0.999999,1e-06,-0.04,-1,1,0.89
value,65,0.005476,31,0.999999,1e-06,-0.04,-1,1,0.9
value,65,0.005464,31,0.999999,1e-06,-0.04,-1,1,0.91
value,65,0.005463,31,0.999999,1e-06,-0.04,-1,1,0.92
value,65,0.005445,31,0.999999,1e-06,-0.04,-1,1,0.93
value,65,0.005443,31,0.999999,1e-06,-0.04,-1,1,0.94
value,65,0.005463,31,0.999999,1e-06,-0.04,-1,1,0.95
value,65,0.005446,31,0.999999,1e-06,-0.04,-1,1,0.96
value,65,0.005463,31,0.999999,1e-06,-0.04,-1,1,0.97
value,65,0.005493,31,0.999999,1e-06,-0.04,-1,1,0.98
value,65,0.005464,31,0.999999,1e-06,-0.04,-1,1,0.99
